{
    "message": "Data inserted successfully",
    "data": {
        "ShortName_EN": "Sanjay",
        "ShortName_AR": null,
        "CRName_EN": null,
        "CRName_AR": null,
        "CRNo_EN": null,
        "CRNo_AR": null,
        "UnifiedNo_EN": null,
        "UnifiedNo_AR": null,
        "IssueDate_EN": null,
        "IssueDate_AR": null,
        "ExpiryDate_EN": null,
        "ExpiryDate_AR": null,
        "VATNo_EN": null,
        "VATNo_AR": null,
        "VATIssueDate_EN": null,
        "VATIssueDate_AR": null,
        "VATExpiryDate_EN": null,
        "VATExpiryDate_AR": null,
        "Email1": null,
        "Email2": null,
        "ContactPerson_EN": null,
        "ContactPerson_AR": null,
        "LandlineNo_EN": null,
        "LandlineNo_AR": null,
        "MobileNo1_EN": null,
        "MobileNo1_AR": null,
        "MobileNo2_EN": null,
        "OwnerName_EN": null,
        "OwnerName_AR": null,
        "OwnerDOB_EN": null,
        "OwnerDOB_AR": null,
        "OwnerID_EN": null,
        "OwnerID_AR": null,
        "OwnerIDIssueDate_EN": null,
        "OwnerIDIssueDate_AR": null,
        "OwnerIDExpiryDate_EN": null,
        "OwnerIDExpiryDate_AR": null,
        "AccountName_EN": null,
        "AccountName_AR": null,
        "AccountNo_EN": null,
        "AccountNo_AR": null,
        "IBANNo_EN": null,
        "IBANNo_AR": null,
        "SwiftCode_EN": null,
        "SwiftCode_AR": null,
        "BranchName_EN": null,
        "BranchName_AR": null,
        "CityName_EN": null,
        "CityName_AR": null,
        "CountryName_EN": null,
        "CountryName_AR": null,
        "CurrencyName_EN": null,
        "CurrencyName_AR": null,
        "POBox_EN": null,
        "POBox_AR": null,
        "ZipCode_EN": null,
        "ZipCode_AR": null,
        "Remarks_EN": null,
        "Remarks_AR": null,
        "created_at": null,
        "attach_1": null,
        "attach_2": null,
        "attach_3": null,
        "attach_4": null,
        "attach_5": null
    },
    "bankDetails": [
        [
            {
                "id": 25,
                "Ac_name_EN": "Ac_name_EN",
                "Ac_name_AR": null,
                "Ac_no_EN": null,
                "Ac_no_AR": null,
                "IBAN_No_EN": null,
                "IBAN_No_AR": null,
                "swift_EN": null,
                "swift_AR": null,
                "Branch_name_EN": null,
                "Branch_name_AR": null,
                "City_name_EN": null,
                "City_name_AR": null,
                "Country_name_EN": null,
                "Country_name_AR": null,
                "Currency_name_EN": null,
                "Currency_name_AR": null,
                "r1": null,
                "created_at": "2024-08-07T06:51:31.085683+00:00",
                "company_ref": 91,
                "attach_1": null,
                "attach_2": null,
                "attach_3": null,
                "attach_4": null,
                "attach_5": null
            }
        ],
        [
            {
                "id": 26,
                "Ac_name_EN": "Ac_name_EN",
                "Ac_name_AR": null,
                "Ac_no_EN": null,
                "Ac_no_AR": null,
                "IBAN_No_EN": null,
                "IBAN_No_AR": null,
                "swift_EN": null,
                "swift_AR": null,
                "Branch_name_EN": null,
                "Branch_name_AR": null,
                "City_name_EN": null,
                "City_name_AR": null,
                "Country_name_EN": null,
                "Country_name_AR": null,
                "Currency_name_EN": null,
                "Currency_name_AR": null,
                "r1": null,
                "created_at": "2024-08-07T06:51:31.317227+00:00",
                "company_ref": 91,
                "attach_1": null,
                "attach_2": null,
                "attach_3": null,
                "attach_4": null,
                "attach_5": null
            }
        ]
    ]
}