
{
    "ShortName_EN": "heyyyy I havfhfhchhcge deployed",
    "ShortName_AR": "شركة اي بي سي",
    "CRName_EN": "ABC Corporation",
    "CRName_AR": "شركة اي بي سي",
    "CRNo_EN": "123456",
    "CRNo_AR": "654321",
    "UnifiedNo_EN": "1234567890",
    "UnifiedNo_AR": "0987654321",
    "IssueDate_EN": "2023-01-01",
    "IssueDate_AR": "2023-01-01",
    "ExpiryDate_EN": "2024-01-01",
    "ExpiryDate_AR": "2024-01-01",
    "VATNo_EN": "VAT123",
    "VATNo_AR": "VAT321",
    "VATIssueDate_EN": "2023-02-01",
    "VATIssueDate_AR": "2023-02-01",
    "VATExpiryDate_EN": "2024-02-01",
    "VATExpiryDate_AR": "2024-02-01",
    "Email1": "example1@example.com",
    "Email2": "example2@example.com",
    "ContactPerson_EN": "John Doe",
    "ContactPerson_AR": "جون دو",
    "LandlineNo_EN": "1234567890",
    "LandlineNo_AR": "0987654321",
    "MobileNo1_EN": "1111111111",
    "MobileNo1_AR": "2222222222",
    "MobileNo2_EN": "3333333333",
    "OwnerName_EN": "Jane Doe",
    "OwnerName_AR": "جين دو",
    "OwnerDOB_EN": "1990-01-01",
    "OwnerDOB_AR": "1990-01-01",
    "OwnerID_EN": "ID12345",
    "OwnerID_AR": "ID54321",
    "OwnerIDIssueDate_EN": "2010-01-01",
    "OwnerIDIssueDate_AR": "2010-01-01",
    "OwnerIDExpiryDate_EN": "2030-01-01",
    "OwnerIDExpiryDate_AR": "2030-01-01",
    "AccountName_EN": "ABC Account",
    "AccountName_AR": "حساب اي بي سي",
    "AccountNo_EN": "123456789",
    "AccountNo_AR": "987654321",
    "IBANNo_EN": "IBAN123456789",
    "IBANNo_AR": "IBAN987654321",
    "SwiftCode_EN": "SWIFT123",
    "SwiftCode_AR": "SWIFT321",
    "BranchName_EN": "Main Branch",
    "BranchName_AR": "الفرع الرئيسي",
    "CityName_EN": "Riyadh",
    "CityName_AR": "الرياض",
    "CountryName_EN": "Saudi Arabia",
    "CountryName_AR": "المملكة العربية السعودية",
    "CurrencyName_EN": "SAR",
    "CurrencyName_AR": "ريال سعودي",
    "POBox_EN": "12345",
    "POBox_AR": "54321",
    "ZipCode_EN": "123456",
    "ZipCode_AR": "654321"
}

{
    "Ac_name_EN": "",
    "Ac_name_AR": "",
    "Ac_no_EN": "",
    "Ac_no_AR": "",
    "IBAN_No_EN": "",
    "IBAN_No_AR": "",
    "swift_EN": "",
    "swift_AR": "",
    "Branch_name_EN": "",
    "Branch_name_AR": "",
    "City_name_EN": "",
    "City_name_AR": "",
    "Country_name_EN": "",
    "Country_name_AR": "",
    "Currency_name_EN": "",
    "Currency_name_AR": "",
    "r1": ""
  }
  