
{
    "ven_name": "Sample Vendor",
    "ven_shortname": "SV",
    "ven_mailAdd": "123 Sample Street",
    "ven_website": "https://www.samplevendor.com",
    "ven_city": "Sample City",
    "ven_country": "Sample Country",
    "ven_fax": "+123456789",
    "ven_Telephone": "+123456789",
    "ven_Email_add": "contact@samplevendor.com",
    "ven_pofcon": "John Doe",
    "ven_con_email": "johndoe@samplevendor.com",
    "ven_alt_con1": "Jane Doe",
    "ven_alt_con2": "Jim Beam",
    "ven_Cr_no": "123456",
    "ven_Vat_no": "789012",
    "ven_Add_info": "Additional information here",
    "ven_google_link": "https://goo.gl/maps/sample",
    "ven_Bank_name": "Sample Bank",
    "ven_Benef_name": "Sample Beneficiary",
    "ven_AC_no": "1234567890123456",
    "ven_IBAN_no": "IBAN1234567890123456",
    "ven_Notes": "Sample notes here",
    "ven_Remark": "Sample remark here",
    "ven_Remarks2": "Additional remarks here"

}